{"mavpackettype": "AHRS", "omegaIx": 0.000336706725647673, "omegaIy": -0.00012766743020620197, "omegaIz": 0.00028033560374751687, "accel_weight": 0.0, "renorm_val": 0.0, "error_rp": 0.00018711343000177294, "error_yaw": 0.005444157402962446}