{"mavpackettype": "ATTITUDE", "time_boot_ms": 1845773, "roll": 0.004828119650483131, "pitch": 0.00967041589319706, "yaw": 1.5542018413543701, "rollspeed": 0.0004258057160768658, "pitchspeed": 0.0005252205301076174, "yawspeed": 0.00022267976601142436}