{"mavpackettype": "LOCAL_POSITION_NED", "time_boot_ms": 1845775, "x": 0.019715169444680214, "y": 0.23453152179718018, "z": 0.004830392077565193, "vx": 0.00010199454118264839, "vy": 0.00025898852618411183, "vz": 0.000938404118642211}